{
  "name": "Test",
  "path": "test",
  "description": "Test is a sleek and modern Igniter theme designed to help businesses showcase their work in a bold yet elegant way.",
  "default_color": "#6c757d",
  "heading_color": "#212529",
  "accent_color": "#0d6efd",
  "surface_color": "#f8f9fa",
  "contrast_color": "#0d6efd",
  "background_color": "#f2f7f7",
  "version": "1.0.0",
  "author": "IgniterCMS",
  "email": "info@ignitercms.com",
  "author_url": "https://ignitercms.com/",
  "theme_url": "https://previews.ignitercms.com/Default/",
  "image": "preview.png",
  "category": "Business",
  "sub_category": "Agency",
  "use_static_theme_nav": 1,
  "plugins_required": "",
  "license": "GPL",
  "requires": {
    "php": ">=8.0",
    "igniter-cms": ">=2.0"
  }
}
