[
    {
        "name": "dailyJobs",
        "type": "url",
        "action": "http:\/\/localhost\/apps\/ci-igniter-cms\/cron\/daily-jobs\/42b619bd-bdc3-4ffd-8c69-8e70632f96ae",
        "environment": null,
        "start_at": "2025-03-10 15:10:59",
        "end_at": "2025-03-10 15:10:59",
        "duration": "00:00:00",
        "output": "\"{\\n    \\\"status\\\": \\\"success\\\",\\n    \\\"message\\\": \\\"Job executed successfully\\\"\\n}\"",
        "error": null,
        "test_time": null
    },
    {
        "name": "dailyJobs",
        "type": "url",
        "action": "http:\/\/localhost\/apps\/ci-igniter-cms\/cron\/daily-jobs\/42b619bd-bdc3-4ffd-8c69-8e70632f96ae",
        "environment": null,
        "start_at": "2025-03-10 15:09:52",
        "end_at": "2025-03-10 15:09:53",
        "duration": "00:00:00",
        "output": "\"{\\n    \\\"status\\\": \\\"success\\\",\\n    \\\"message\\\": \\\"Job executed successfully\\\"\\n}\"",
        "error": null,
        "test_time": null
    },
    {
        "name": "dailyJobs",
        "type": "url",
        "action": "https:\/\/localhost\/apps\/ci-igniter-cms\/cron\/daily-jobs\/42b619bd-bdc3-4ffd-8c69-8e70632f96ae",
        "environment": null,
        "start_at": "2025-03-10 15:08:45",
        "end_at": "2025-03-10 15:08:45",
        "duration": "00:00:00",
        "output": null,
        "error": "\"CodeIgniter\\\\HTTP\\\\Exceptions\\\\HTTPException: 60 : SSL certificate problem: self-signed certificate in C:\\\\xampp\\\\htdocs\\\\apps\\\\ci-igniter-cms\\\\vendor\\\\codeigniter4\\\\framework\\\\system\\\\HTTP\\\\CURLRequest.php:709\\nStack trace:\\n#0 C:\\\\xampp\\\\htdocs\\\\apps\\\\ci-igniter-cms\\\\vendor\\\\codeigniter4\\\\framework\\\\system\\\\HTTP\\\\CURLRequest.php(709): CodeIgniter\\\\HTTP\\\\Exceptions\\\\HTTPException::forCurlError('60', 'SSL certificate...')\\n#1 C:\\\\xampp\\\\htdocs\\\\apps\\\\ci-igniter-cms\\\\vendor\\\\codeigniter4\\\\framework\\\\system\\\\HTTP\\\\CURLRequest.php(383): CodeIgniter\\\\HTTP\\\\CURLRequest->sendRequest(Array)\\n#2 C:\\\\xampp\\\\htdocs\\\\apps\\\\ci-igniter-cms\\\\vendor\\\\codeigniter4\\\\framework\\\\system\\\\HTTP\\\\CURLRequest.php(152): CodeIgniter\\\\HTTP\\\\CURLRequest->send('GET', 'https:\\\/\\\/localho...')\\n#3 C:\\\\xampp\\\\htdocs\\\\apps\\\\ci-igniter-cms\\\\vendor\\\\daycry\\\\cronjob\\\\src\\\\Job.php(248): CodeIgniter\\\\HTTP\\\\CURLRequest->request('GET', 'https:\\\/\\\/localho...')\\n#4 C:\\\\xampp\\\\htdocs\\\\apps\\\\ci-igniter-cms\\\\vendor\\\\daycry\\\\cronjob\\\\src\\\\Job.php(142): Daycry\\\\CronJob\\\\Job->runUrl()\\n#5 C:\\\\xampp\\\\htdocs\\\\apps\\\\ci-igniter-cms\\\\vendor\\\\daycry\\\\cronjob\\\\src\\\\JobRunner.php(66): Daycry\\\\CronJob\\\\Job->run()\\n#6 C:\\\\xampp\\\\htdocs\\\\apps\\\\ci-igniter-cms\\\\vendor\\\\daycry\\\\cronjob\\\\src\\\\JobRunner.php(45): Daycry\\\\CronJob\\\\JobRunner->processTask(Object(Daycry\\\\CronJob\\\\Job))\\n#7 C:\\\\xampp\\\\htdocs\\\\apps\\\\ci-igniter-cms\\\\vendor\\\\daycry\\\\cronjob\\\\src\\\\Commands\\\\Run.php(80): Daycry\\\\CronJob\\\\JobRunner->run()\\n#8 C:\\\\xampp\\\\htdocs\\\\apps\\\\ci-igniter-cms\\\\vendor\\\\codeigniter4\\\\framework\\\\system\\\\CLI\\\\Commands.php(70): Daycry\\\\CronJob\\\\Commands\\\\Run->run(Array)\\n#9 C:\\\\xampp\\\\htdocs\\\\apps\\\\ci-igniter-cms\\\\vendor\\\\codeigniter4\\\\framework\\\\system\\\\CLI\\\\Console.php(48): CodeIgniter\\\\CLI\\\\Commands->run('cronjob:run', Array)\\n#10 C:\\\\xampp\\\\htdocs\\\\apps\\\\ci-igniter-cms\\\\vendor\\\\codeigniter4\\\\framework\\\\system\\\\Boot.php(360): CodeIgniter\\\\CLI\\\\Console->run()\\n#11 C:\\\\xampp\\\\htdocs\\\\apps\\\\ci-igniter-cms\\\\vendor\\\\codeigniter4\\\\framework\\\\system\\\\Boot.php(104): CodeIgniter\\\\Boot::runCommand(Object(CodeIgniter\\\\CLI\\\\Console))\\n#12 C:\\\\xampp\\\\htdocs\\\\apps\\\\ci-igniter-cms\\\\spark(84): CodeIgniter\\\\Boot::bootSpark(Object(Config\\\\Paths))\\n#13 {main}\"",
        "test_time": null
    }
]